date,header1,header2,url,price,guests,bedrooms,beds,baths
2023-11-14,Unleash the Fun 2BR Condo Sleeps 7,"Entire condo in Four Corners, Florida, United States",https://abnb.me/8wHtBhNFFEb,€ 141 ,5 guests · , · 2 bedrooms · , · 4 beds · , · 2 baths
2023-11-14,Special Offer Champions Gate 2Bedr 2 Bath Free Waterpark ME1059,"Entire rental unit in Four Corners, Florida, United States",https://abnb.me/LbBwDYHFFEb,€ 284 ,6 guests · , · 2 bedrooms · , · 3 beds · , · 2 baths
2023-11-14,Champions Gate Free Waterpark CR1147,"Entire rental unit in Four Corners, Florida, United States",https://abnb.me/iLqLwQIFFEb,€ 284 ,7 guests · , · 2 bedrooms · , · 4 beds · , · 2 baths
2023-11-14,"Free Clubhouse, 2-BDR Retreat!","Entire villa in Four Corners, Florida, United States",https://abnb.me/hiP24qJFFEb,€ 141 ,6 guests · , · 2 bedrooms · , · 3 beds · , · 2 baths
2023-11-14,Fabulous Getaway 2BR condo W/Garage,"Entire condo in Four Corners, Florida, United States",https://abnb.me/oXCjyjKFFEb,€ 267 ,8 guests · , · 2 bedrooms · , · 5 beds · , · 2 baths
2023-11-14,Lovely Entire 2BR condo w/Game Room & 2 Water Park,"Entire condo in Four Corners, Florida, United States",https://abnb.me/DGw410KFFEb,€ 267 ,9 guests · , · 2 bedrooms · , · 5 beds · , · 2 baths
2023-11-14,"Luxury 2BR Condo: Game Room, Pool, Disney Nearby","Entire home in CHAMPIONS GT, Florida, United States",https://abnb.me/1ihvcBLFFEb,€ 162 ,8 guests · , · 2 bedrooms · , · 5 beds · , · 2 baths
2023-11-14,"Chic Condo, Spacious, Game Room, Ideal Location","Entire rental unit in Four Corners, Florida, United States",https://abnb.me/nasW55LFFEb,€ 200 ,5 guests · , · 2 bedrooms · , · 3 beds · , · 2 baths
2023-11-14,Special Offer Champions Gate 2Bedr 2Bath Free Waterpark LE1159,"Entire rental unit in Four Corners, Florida, United States",https://abnb.me/ULjtTCMFFEb,€ 284 ,8 guests · , · 2 bedrooms · , · 4 beds · , · 2 baths
2023-11-14,Unleash the Fun 2BR Condo Sleeps 7,"Entire condo in Four Corners, Florida, United States",https://abnb.me/8wHtBhNFFEb,€ 141 ,5 guests · , · 2 bedrooms · , · 4 beds · , · 2 baths
